year,Jan,Feb,Mar,Apr,May,Jun,Jul,Aug,Sep,Oct,Nov,Dec,Total
2025,0.0,-0.004308401899302546,-0.005841752336665025,0.0023733461727514856,0.0,-2.8755961881179417e-05,0.0020862688877472248,0.0,-0.002149021323100751,-0.0012246899441079667,0.0,-2.0132833981268135e-06,-0.009095019687956885
2026,-0.005059287984620332,0.0,-6.495787851726923e-05,-0.0036288835633297017,-0.004230586267571474,,,,,,,,-0.012983715694038776
Average,-0.002529643992310166,-0.002154200949651273,-0.002953355107591147,-0.0006277686952891081,-0.002115293133785737,-2.8755961881179417e-05,0.0020862688877472248,0.0,-0.002149021323100751,-0.0012246899441079667,0.0,-2.0132833981268135e-06,-0.011039367690997831
